{
  "test_date": "2026-01-12T10:24:07.969964",
  "test_images_count": 8,
  "test_data_path": "C:\\Users\\Rishichowdary-3925\\Downloads\\No plates",
  "results": {
    "detection_models": {
      "YOLOv8n": {
        "avg_inference_time_ms": 83.56049656867981,
        "total_detections": 13,
        "avg_confidence": 0.6318862186028407,
        "detection_rate_percent": 100.0,
        "images_with_detection": 8,
        "fps": 11.967377421914707
      },
      "YOLOv8s": {
        "avg_inference_time_ms": 143.7034010887146,
        "total_detections": 19,
        "avg_confidence": 0.6357316986510628,
        "detection_rate_percent": 100.0,
        "images_with_detection": 8,
        "fps": 6.9587775405722985
      },
      "YOLOv8m": {
        "avg_inference_time_ms": 334.97828245162964,
        "total_detections": 18,
        "avg_confidence": 0.6254623830318451,
        "detection_rate_percent": 100.0,
        "images_with_detection": 8,
        "fps": 2.985268157330165
      },
      "YOLOv8l": {
        "avg_inference_time_ms": 1464.5837545394897,
        "total_detections": 20,
        "avg_confidence": 0.6280652344226837,
        "detection_rate_percent": 100.0,
        "images_with_detection": 8,
        "fps": 0.6827878548430512
      },
      "Custom-Plate-Detector": {
        "avg_inference_time_ms": 215.21827578544617,
        "total_detections": 11,
        "avg_confidence": 0.66081948984753,
        "detection_rate_percent": 100.0,
        "images_with_detection": 8,
        "fps": 4.646445550920186
      }
    },
    "ocr_models": {
      "PaddleOCR": {
        "error": "PaddleOCR.predict() got an unexpected keyword argument 'cls'"
      },
      "EasyOCR": {
        "avg_inference_time_ms": 4399.29276246291,
        "successful_reads": 9,
        "success_rate_percent": 69.23076923076923,
        "avg_confidence": 0.33775287463576004,
        "sample_texts": [
          {
            "source": "bg.jpg",
            "text": "[lZ Ce 6616",
            "confidence": 0.12482261235221152
          },
          {
            "source": "images.jpg",
            "text": "MP 04 cC 68u",
            "confidence": 0.11691120703204945
          },
          {
            "source": "unnamed.jpg",
            "text": "\"6888 [6888 Dominob Fhtd\" L= TN-13 43516",
            "confidence": 0.34778826327204626
          },
          {
            "source": "unnamed.jpg",
            "text": "6888 45 26880-",
            "confidence": 0.2659856183591518
          },
          {
            "source": "vnv.jpg",
            "text": "HRZGFC2782",
            "confidence": 0.8851888272736306
          },
          {
            "source": "ver.jpeg",
            "text": "Ktc KA 02MP 9657 CYE4",
            "confidence": 0.28909297649584664
          },
          {
            "source": "double.png",
            "text": "DNm 16414 MYF",
            "confidence": 0.3545417148607414
          },
          {
            "source": "double.png",
            "text": "voltio MYFI 15646",
            "confidence": 0.6333652313597523
          },
          {
            "source": "double.png",
            "text": "Lrc",
            "confidence": 0.02207942071640997
          }
        ]
      },
      "Tesseract": {
        "error": "tesseract is not installed or it's not in your PATH. See README file for more information."
      }
    },
    "combined_results": {}
  }
}